roc_score,iteration
0.85625,0
0.8652777777777778,1
0.8208333333333333,2
0.8774305555555555,3
