roc_score,iteration
0.851388888888889,0
0.8631944444444444,1
0.8687499999999999,2
0.8649305555555555,3
0.8618055555555555,4
