roc_score,iteration
0.8586805555555556,0
0.8343750000000001,1
0.8343750000000001,2
