roc_score,iteration
0.851388888888889,0
0.8041666666666667,1
0.8920138888888888,2
0.8246527777777778,3
0.857638888888889,4
0.8503472222222221,5
0.8944444444444445,6
0.9020833333333333,7
