roc_score,iteration
0.8559027777777778,0
0.8253472222222222,1
0.8565972222222222,2
0.9069444444444444,3
0.8506944444444443,4
0.8586805555555554,5
0.8635416666666668,6
0.8795138888888889,7
