roc_score,iteration
0.8776435739368907,0
0.8498523595139527,1
0.843928173578987,2
0.8530045698593893,3
0.8531124509750596,4
0.8523488533185843,5
0.8500643785785468,6
