roc_score,iteration
0.8404396975462143,0
0.8385073642019357,1
0.8385073642019357,2
0.8385073642019357,3
0.8389033202296772,4
0.8370008180658345,5
0.834986197388856,6
0.8326443802835377,7
