roc_score,iteration
0.85625,0
0.8249999999999998,1
0.8246527777777778,2
0.8520833333333333,3
0.8246527777777778,4
0.8520833333333333,5
0.8246527777777778,6
0.8250000000000001,7
