roc_score,iteration
0.8590277777777777,0
0.8222222222222222,1
0.8520833333333333,2
0.8246527777777778,3
0.867013888888889,4
0.8545138888888889,5
