roc_score,iteration
0.8559027777777778,0
0.8645833333333334,1
0.8548611111111112,2
0.860763888888889,3
0.8621527777777778,4
0.8569444444444445,5
