roc_score,iteration
0.85625,0
0.8246527777777778,1
0.8520833333333333,2
0.8246527777777778,3
0.8520833333333333,4
0.8565972222222222,5
0.8951388888888887,6
0.8989583333333333,7
