roc_score,iteration
0.8776435739368907,0
0.8803720336451553,1
0.8803720336451553,2
0.8803720336451553,3
0.8816782835458464,4
0.8772396844191825,5
0.8756817719580272,6
