roc_score,iteration
0.85625,0
0.871875,1
0.8552083333333333,2
0.8694444444444444,3
