roc_score,iteration
0.8572916666666667,0
0.8246527777777778,1
0.8520833333333333,2
0.8246527777777778,3
0.8520833333333333,4
0.8559027777777778,5
0.8944444444444445,6
0.8555555555555556,7
