roc_score,iteration
0.8604166666666667,0
0.8260416666666667,1
0.8215277777777777,2
0.8305555555555556,3
0.8520833333333333,4
0.8288194444444444,5
0.8246527777777778,6
