roc_score,iteration
0.8776435739368907,1
0.845828082217452,2
0.8258933933585879,3
0.8711103184054543,4
0.8488082729136845,5
