roc_score,iteration
0.85625,0
0.8246527777777778,1
0.8520833333333333,2
0.8246527777777778,3
0.8520833333333333,4
0.8565972222222222,5
0.8986111111111111,6
0.8479166666666667,7
