roc_score,iteration
0.8404396975462143,0
0.8385073642019357,1
0.8385073642019357,2
0.8385073642019357,3
