roc_score,iteration
0.85625,0
0.8302083333333333,1
0.8520833333333333,2
0.8246527777777778,3
0.8524305555555555,4
0.8576388888888888,5
0.9069444444444444,6
0.8427083333333334,7
