roc_score,iteration
0.85625,0
0.8652777777777778,1
0.8458333333333333,2
0.8604166666666667,3
