roc_score,iteration
0.8776435739368907,0
0.8803720336451553,1
0.8803720336451553,2
0.8774116938575146,3
0.8774116938575146,4
0.8737408247468005,5
0.8737408247468005,6
