roc_score,iteration
0.8548611111111111,0
0.8555555555555556,1
