roc_score,iteration
0.8548611111111112,0
0.8663194444444444,1
0.871875,2
0.8541666666666666,3
0.8559027777777777,4
