roc_score,iteration
0.8776435739368907,0
0.8803720336451553,1
0.8803720336451553,2
0.8803720336451553,3
0.8759705037680087,4
0.8666587390478138,5
0.8693513371005469,6
