roc_score,iteration
0.8776435739368907,0
0.8489478553306737,1
0.851614217474314,2
0.850850304040173,3
0.8487831837706622,4
0.8498083616875588,5
0.847872302738782,6
