roc_score,iteration
0.8404396975462143,0
0.8385549102153608,1
0.8338424218203527,2
0.8362267070475,3
0.8374950303851718,4
0.8334125902113584,5
0.842615114262935,6
0.8380868541891127,7
