roc_score,iteration
0.85625,0
0.8690972222222223,1
0.8694444444444444,2
