roc_score,iteration
0.8569444444444445,0
0.865625,1
0.8694444444444444,2
0.8694444444444444,3
