roc_score,iteration
0.8597222222222222,0
0.8659722222222221,1
