roc_score,iteration
0.8404396975462143,0
0.8385073642019357,1
0.8385073642019357,2
0.8385073642019357,3
0.8450590064724249,4
0.8347012055072401,5
0.8347012055072401,6
0.8347012055072401,7
