roc_score,iteration
0.8404396975462143,1
0.8492671216795297,2
0.8501772760515692,3
0.8178282111303656,4
0.84722846463545,5
