roc_score,iteration
0.85625,0
0.8503472222222223,1
