roc_score,iteration
0.8776435739368907,0
0.8803720336451553,1
0.8803720336451553,2
0.8816782835458464,3
0.880960221814473,4
0.8765751211847006,5
0.8765751211847006,6
