method,recall
Process ID,5.0
D2C_R,0.3549782986111111
TD2C_Ranking_1_3_Var,0.3434325396825396
TD2C_Ranking_NoCont,0.33780691964285714
TD2C_Ranking_1_2_Var,0.3297836061507936
TD2C_Ranking_1_1_Var,0.3084102182539682
TD2C_R,0.27200768849206347
TD2C_Ranking_2,0.2636805555555556
TD2C_Ranking_PastFut,0.23703373015873014
TD2C_Ranking_3,0.20623387896825396
TD2C_Ranking_1_10_Var,0.20136656746031742
