Process ID,roc_auc
1,0.7330733126090347
2,0.7741941240586148
3,0.7755531411440673
4,0.7307014770765764
6,0.7264114233961128
7,0.7534535154522336
8,0.7746135468304647
9,0.8587443407461668
