method,f1
TD2C_Ranking_4,0.5239910422289298
TD2C_Ranking_1_2_Var,0.509342635387966
TD2C_Ranking_NoCont,0.5051872967766217
TD2C_Ranking_1_1_Var,0.5040757406357123
TD2C_Ranking_6,0.4997399423763039
TD2C_R,0.4699646923572343
TD2C_Ranking_2,0.46197017957606257
TD2C_Ranking_PastFut,0.4564214310180355
TD2C_Ranking_3,0.44601565646834385
D2C_R,0.4310243879427165
TD2C_Ranking_5,0.42827037867936735
TD2C_Ranking_7,0.3807470809936623
