Process ID,f1
1,0.2661008009776396
2,0.36300298530352465
3,0.1969537483157625
4,0.41725280401516324
6,0.32932807829571775
7,0.4687888956871508
8,0.5460515006403158
9,0.959099825847197
10,0.19723872404292883
11,0.7785480284978691
12,0.9599045212901213
13,0.69192279055098
14,0.814203138947223
15,0.9863040356079248
16,0.6210392446738743
18,0.9815547050952431
19,0.4922881796183202
20,0.6752118622597353
