method,f1
TD2C_Ranking_4,0.6645771481939834
TD2C_Ranking_1_2_Var,0.6425303040278103
TD2C_Ranking_1_1_Var,0.630039236923818
TD2C_Ranking_6,0.6218130820038203
TD2C_Ranking_NoCont,0.6104670738871992
TD2C_R,0.6013555820390326
TD2C_Ranking_5,0.5966069921646888
TD2C_Ranking_2,0.5906965545716759
TD2C_Ranking_3,0.5882891447470316
TD2C_Ranking_PastFut,0.5688710490287368
D2C_R,0.5299796047475618
TD2C_Ranking_7,0.5179701407757684
