Process ID,f1
1,0.21976387310725204
2,0.357805518970709
3,0.06664759497169642
4,0.14398964866308664
6,0.42341429975388306
7,0.44814982147183746
8,0.49942835068046393
9,0.4311820260554756
