method,precision
TD2C_Ranking_1_2_Var,0.5051407708077512
TD2C_Ranking_4,0.4938135838595724
TD2C_Ranking_6,0.4791988238634752
TD2C_Ranking_NoCont,0.4780585036352789
TD2C_R,0.47730872245548167
TD2C_Ranking_1_1_Var,0.47029488404912534
TD2C_Ranking_PastFut,0.4438284758927716
TD2C_Ranking_3,0.4393945974641298
TD2C_Ranking_2,0.43433234446793584
D2C_R,0.3959393179263161
TD2C_Ranking_5,0.3851813033261283
TD2C_Ranking_7,0.3524308945970823
