method,precision
Process ID,10.444444444444445
TD2C_Ranking_4,0.7388424585260829
TD2C_Ranking_1_2_Var,0.7112790267545493
TD2C_Ranking_1_1_Var,0.6988120651252605
TD2C_Ranking_6,0.6914574871229241
TD2C_Ranking_NoCont,0.6821898114164626
TD2C_R,0.6771543303506583
TD2C_Ranking_2,0.6661577257520871
TD2C_Ranking_PastFut,0.6610649466978479
TD2C_Ranking_3,0.6610208397299386
TD2C_Ranking_5,0.6345346898185521
D2C_R,0.575712106790689
TD2C_Ranking_7,0.545091193943483
