Process ID,precision
1,0.3364212091013562
2,0.48003106576945587
3,0.20709821428571423
4,0.2868565778826808
6,0.6099521380107681
7,0.5608679174595104
8,0.5190780217731704
9,0.7348857755806286
