method,recall
Process ID,10.444444444444445
TD2C_Ranking_4,0.6547054122574956
TD2C_Ranking_1_2_Var,0.6417305996472663
TD2C_Ranking_1_1_Var,0.6279968584656085
TD2C_Ranking_5,0.627103725749559
TD2C_Ranking_6,0.6209898589065256
TD2C_Ranking_NoCont,0.6095687279541446
TD2C_R,0.5953221450617283
TD2C_Ranking_3,0.5937433862433862
TD2C_Ranking_2,0.5912585427689594
TD2C_Ranking_PastFut,0.5775008267195767
D2C_R,0.5574729938271605
TD2C_Ranking_7,0.5569816468253967
