Process ID,recall
1,0.1850873015873016
2,0.3146726190476191
3,0.04185267857142853
4,0.11549305555555549
6,0.34894593253968254
7,0.40936755952380943
8,0.5207440476190477
9,0.34762400793650794
