Process ID,Recall
1,0.19148974867724866
2,0.21824776785714284
3,0.05548321759259255
4,0.48695684523809524
6,0.1699239417989418
7,0.3901744378306879
8,0.3870742394179894
9,1.0
10,0.17160796957671953
11,0.9630299272486772
12,1.0
13,0.5178187003968254
14,0.9309151785714285
15,1.0
16,0.6173751653439153
18,1.0
19,0.6234912367724867
20,0.8821040013227512
