method,recall
TD2C_Ranking_4,0.6330979938271605
TD2C_Ranking_1_1_Var,0.6237574404761904
TD2C_Ranking_NoCont,0.6206751543209876
TD2C_Ranking_6,0.6199198082010582
TD2C_Ranking_1_2_Var,0.6169259810405644
TD2C_Ranking_5,0.6112251984126984
TD2C_Ranking_2,0.5794127535273368
TD2C_Ranking_PastFut,0.564901069223986
TD2C_R,0.5637811397707231
TD2C_Ranking_3,0.562791832010582
TD2C_Ranking_7,0.5370676256613757
D2C_R,0.5369055886243386
