method,roc_auc
TD2C_Ranking_4,0.880353620559643
TD2C_Ranking_1_1_Var,0.873576561801566
TD2C_Ranking_3,0.8733803766055811
TD2C_R,0.8718456306219083
TD2C_Ranking_6,0.8671725126994201
TD2C_Ranking_2,0.8640792536646603
TD2C_Ranking_PastFut,0.8594027842649966
TD2C_Ranking_5,0.8531417210670525
TD2C_Ranking_7,0.8137774697308662
D2C_R,0.8037165423257477
