Process ID,roc_auc
1,0.6338542064133496
2,0.6771211505229958
3,0.6906159222391621
4,0.8997025908989446
6,0.6691062377561102
7,0.7782120719532414
8,0.8026170881231692
9,1.0
10,0.6088259862496327
11,0.9796880011933031
12,1.0
13,0.8636721547994917
14,0.9724131783899393
15,1.0
16,0.8435460483114882
18,1.0
19,0.8990200525313345
20,0.9233842276539511
