Process ID,roc_auc
1,0.7878703331935845
2,0.7649968669546279
3,0.7651172201336676
4,0.8457509962440141
6,0.7018876417069021
7,0.7834434191713967
8,0.8406267377961174
9,1.0
10,0.6073942799630658
11,0.971045102223766
12,1.0
13,0.8949282683193892
14,0.9802587826126621
15,1.0
16,0.8421175694795306
18,1.0
19,0.7778926082951455
20,0.901946597862546
