method,roc_auc
TD2C_Ranking_4,0.880353620559643
TD2C_R,0.8718456306219083
TD2C_Ranking_2,0.8640792536646603
TD2C_Ranking_PastFut,0.8594027842649966
TD2C_Ranking_5,0.8531417210670525
