Process ID,roc_auc
1,0.7946870240091651
2,0.7693420255986168
3,0.7745460244130546
4,0.8826430651920857
6,0.7067678252770405
7,0.7900986765320163
8,0.8435471049713745
9,1.0
10,0.6127533938571007
11,0.9753668911835293
12,1.0
13,0.8969126907341884
14,0.977515789852708
15,1.0
16,0.8670278969131126
18,1.0
19,0.7942049833913829
20,0.8983494447163629
