method,roc_auc
TD2C_Ranking_4,0.8710726867665388
TD2C_Ranking_1_2_Var,0.8682410774340443
TD2C_Ranking_1_1_Var,0.8647791310452559
TD2C_Ranking_5,0.8640292407579114
TD2C_Ranking_6,0.8614498127035136
TD2C_Ranking_NoCont,0.8574159305632038
TD2C_Ranking_3,0.8447441523489422
TD2C_Ranking_PastFut,0.8413826508964738
TD2C_R,0.8404396975462142
TD2C_Ranking_2,0.8348703064211622
TD2C_Ranking_7,0.8247584435235771
D2C_R,0.7880076945421932
