Process ID,f1
1,0.2066734749687457
2,0.3644815578273353
3,0.05508674860239107
4,0.10291556898497833
6,0.4357224050869013
7,0.44404252774823805
8,0.5070243144995459
9,0.418547362469906
