Process ID,f1
1,0.19689470978058465
2,0.42778742523324437
3,0.043569549895981725
4,0.06569981927939268
6,0.4685544084641693
7,0.4732289771318905
8,0.5498566857359023
9,0.4630260143658005
