Process ID,precision
1,0.30156658360702476
2,0.528574077069837
3,0.14786706349206347
4,0.15757109788359785
6,0.653652479522255
7,0.6140917603316017
8,0.56172123287215
9,0.7803953249909132
