Process ID,precision
1,0.3566273129298339
2,0.5313611916238388
3,0.12674319727891153
4,0.1851502267573696
6,0.6597831613322546
7,0.5855511530001524
8,0.5544277545128731
9,0.7488979099798428
