Process ID,TD2C_Ranking,TD2C_Ranking_1_1_Var,TD2C_Ranking_1_2_Var,TD2C_Ranking_1_3_Var,TD2C_Ranking_2,TD2C_Ranking_3,TD2C_Ranking_NoCont
1,0.6869916888666888,0.3497657203907204,0.46686043123543125,0.2101336286262757,0.15743055555555557,0.08075396825396826,0.5444551975801976
2,0.5480838789478495,0.5371266049052427,0.5200626456876456,0.5316119136281675,0.4879718216724796,0.5615446685667274,0.5331268079587588
3,0.0,0.20166666666666666,0.33791666666666664,0.2767857142857143,0.07083333333333333,0.0,0.0
4,0.350625,0.18998015873015875,0.017424242424242425,0.017083333333333332,0.700224567099567,0.01,0.010714285714285714
6,0.6965672521922521,0.7177749252381606,0.665670171331936,0.6020644416213302,0.5900322594072593,0.6254347041847041,0.72093837535014
7,0.41430750901145635,0.6160977128092066,0.642952028728925,0.634189466364389,0.5878711811064752,0.5454684204684205,0.6579717525121936
8,0.5106668843572111,0.5835915379848977,0.6537256189252951,0.6411688905027721,0.5375103484836457,0.4454047316775645,0.5089262696587251
9,0.5599134199134199,0.6778273809523809,0.7823119241869242,0.8287116927190457,0.8119337606837608,0.7095979714729715,0.8719892199303964
