Process ID,recall
1,0.1654918981481481
2,0.385854828042328
3,0.026376488095238054
4,0.0472271825396825
6,0.38954613095238094
7,0.41395916005291
8,0.5745618386243386
9,0.38277943121693125
