Process ID,TD2C_Ranking_1_1_Var,TD2C_Ranking_1_2_Var,TD2C_Ranking_1_3_Var,TD2C_Ranking_2,TD2C_Ranking_3,TD2C_Ranking_NoCont
1,0.20561011904761903,0.21148809523809523,0.14731150793650793,0.0736904761904762,0.02858630952380952,0.32626488095238093
2,0.421875,0.35248015873015875,0.41934523809523805,0.34337797619047616,0.3265873015873016,0.4514632936507937
3,0.03829365079365079,0.05786210317460318,0.05558035714285714,0.00652281746031746,0.0,0.0
4,0.03252480158730159,0.006388888888888888,0.010138888888888888,0.2255605158730159,0.005,0.00375
6,0.4935019841269841,0.4138888888888889,0.35796130952380956,0.2951388888888889,0.2779265873015873,0.498859126984127
7,0.4080605158730159,0.5393849206349206,0.46101190476190473,0.34523809523809523,0.34915674603174607,0.38090277777777776
8,0.6430555555555555,0.7214037698412699,0.6900545634920635,0.5026041666666667,0.40930059523809526,0.4809523809523809
9,0.22436011904761904,0.3353720238095238,0.6060565476190476,0.317311507936508,0.2533134920634921,0.5602628968253968
