Process ID,recall
1,0.17274856701940033
2,0.3218722442680776
3,0.03514660493827157
4,0.0719769620811287
6,0.3596671075837743
7,0.39670414462081127
8,0.5251901455026455
9,0.33869929453262787
