Process ID,TD2C_Ranking,TD2C_Ranking_1_10_Var,TD2C_Ranking_1_1_Var,TD2C_Ranking_1_2_Var,TD2C_Ranking_1_3_Var,TD2C_Ranking_2,TD2C_Ranking_3,TD2C_Ranking_NoCont,TD2C_Ranking_PastFut
1,0.4948660714285714,0.011607142857142856,0.20561011904761903,0.21148809523809523,0.14731150793650793,0.0736904761904762,0.02858630952380952,0.32626488095238093,0.0553125
2,0.2951388888888889,0.05074404761904762,0.421875,0.35248015873015875,0.41934523809523805,0.34337797619047616,0.3265873015873016,0.4514632936507937,0.23583829365079362
3,0.0,0.06049107142857143,0.03829365079365079,0.05786210317460318,0.05558035714285714,0.00652281746031746,0.0,0.0,0.09756944444444444
4,0.05138888888888889,0.24248015873015874,0.03252480158730159,0.006388888888888888,0.010138888888888888,0.2255605158730159,0.005,0.00375,0.07056051587301587
6,0.42611607142857144,0.2834325396825397,0.4935019841269841,0.4138888888888889,0.35796130952380956,0.2951388888888889,0.2779265873015873,0.498859126984127,0.19017857142857142
7,0.2165922619047619,0.41416170634920635,0.4080605158730159,0.5393849206349206,0.46101190476190473,0.34523809523809523,0.34915674603174607,0.38090277777777776,0.45582837301587303
8,0.44119543650793647,0.29699900793650796,0.6430555555555555,0.7214037698412699,0.6900545634920635,0.5026041666666667,0.40930059523809526,0.4809523809523809,0.5411458333333333
9,0.2507638888888889,0.25101686507936505,0.22436011904761904,0.3353720238095238,0.6060565476190476,0.317311507936508,0.2533134920634921,0.5602628968253968,0.2498363095238095
