Process ID,roc_auc
1,0.7561783470241165
2,0.7997488815290371
3,0.8111890919790796
4,0.6507578395987416
6,0.7675812683900315
7,0.7841251788772893
8,0.8114135484237556
9,0.9129753380016115
