Process ID,TD2C_Ranking_1_1_Var,TD2C_Ranking_1_2_Var,TD2C_Ranking_1_3_Var,TD2C_Ranking_2,TD2C_Ranking_3,TD2C_Ranking_NoCont
1,0.7511048876787557,0.77686734874871,0.7429470213524005,0.7869038003633471,0.7119137847299007,0.7673332392715858
2,0.7922166111510394,0.8029915330989852,0.8080417419160646,0.7966704204982431,0.8148174031125608,0.7837555793973291
3,0.81931865605343,0.8063447624115435,0.8440769077642022,0.7865528509923706,0.8335074867392132,0.7773338879137182
4,0.6706704734799621,0.5145560809576024,0.5578427980567227,0.8781947989996437,0.7421127107367069,0.5411701753618113
6,0.7969349019761414,0.7837284214672711,0.7170664674861172,0.7526423576557816,0.7547517499324291,0.8003637118224483
7,0.7830129858961128,0.8195970068400167,0.7780575298924395,0.7581283555088703,0.7768369923353113,0.7891182027909849
8,0.8435085012623471,0.8760920760848199,0.843181339147501,0.7803578819137303,0.7531173214899995,0.7722241706441348
9,0.8900827825922036,0.921609176126591,0.9397755508179149,0.8972225159252296,0.8790608489283871,0.9501011536193424
