method,roc_auc
TD2C_Ranking_2,0.804584122732152
TD2C_Ranking_1_1_Var,0.7933562250112489
TD2C_Ranking_1_2_Var,0.7877233007169424
TD2C_Ranking_3,0.7832647872505636
TD2C_Ranking_1_3_Var,0.7788736695541703
TD2C_Ranking_NoCont,0.7726750151026693
