Process ID,roc_auc
1,0.7332386487946786
2,0.7828937194395302
3,0.7900404435653404
4,0.7235886505948629
6,0.7361062949790051
7,0.757472969085295
8,0.7850048505787549
9,0.8670391073766252
