Process ID,Precision
1,0.40085225485549597
2,0.4898810189638363
3,0.3313525034638134
4,0.6221267235487283
6,0.6836608645983647
7,0.6067369434503237
8,0.7007332128655658
9,0.9236620722069007
10,0.2461606269583243
11,0.6686314369235712
12,0.925286952140436
13,0.8489811160721087
14,0.7128132837628774
15,0.9748381132756131
16,0.642481353616508
18,0.9665814393939393
19,0.625623125726292
20,0.5445719812201043
