Process ID,Recall
1,0.2253559027777777
2,0.3120101686507936
3,0.16409143518518512
4,0.34902157738095235
6,0.2275545634920635
7,0.41787781084656084
8,0.46306630291005285
9,1.0
10,0.1837475198412698
11,0.9638632605820107
12,1.0
13,0.5998768187830688
14,0.9715170304232804
15,1.0
16,0.6460491071428571
18,1.0
19,0.44402695105820095
20,0.9135036375661376
