roc_score,iteration
0.8812500000000001,0
0.8685956790123457,1
