roc_score,iteration
0.8576388888888888,0
0.8343750000000001,1
0.8343750000000001,2
0.8343750000000001,3
0.8447916666666666,4
0.8343750000000001,5
0.8343750000000001,6
